{
    "name": "root",
    "gauges": {
        "GhostBehaviour.Policy.Entropy.mean": {
            "value": 1.0335508584976196,
            "min": 1.0335508584976196,
            "max": 1.4312187433242798,
            "count": 50
        },
        "GhostBehaviour.Policy.Entropy.sum": {
            "value": 10339.642578125,
            "min": 10317.1015625,
            "max": 14449.583984375,
            "count": 50
        },
        "GhostBehaviour.Environment.EpisodeLength.mean": {
            "value": 37.59003831417625,
            "min": 36.19776119402985,
            "max": 178.87037037037038,
            "count": 50
        },
        "GhostBehaviour.Environment.EpisodeLength.sum": {
            "value": 9811.0,
            "min": 9536.0,
            "max": 10464.0,
            "count": 50
        },
        "GhostBehaviour.Step.mean": {
            "value": 499996.0,
            "min": 9954.0,
            "max": 499996.0,
            "count": 50
        },
        "GhostBehaviour.Step.sum": {
            "value": 499996.0,
            "min": 9954.0,
            "max": 499996.0,
            "count": 50
        },
        "GhostBehaviour.Policy.ExtrinsicValueEstimate.mean": {
            "value": 4.497459411621094,
            "min": -0.4644702076911926,
            "max": 4.5054850578308105,
            "count": 50
        },
        "GhostBehaviour.Policy.ExtrinsicValueEstimate.sum": {
            "value": 1335.7454833984375,
            "min": -96.60980224609375,
            "max": 1338.9476318359375,
            "count": 50
        },
        "GhostBehaviour.Environment.CumulativeReward.mean": {
            "value": 5.681153818277212,
            "min": -0.28061225584575106,
            "max": 5.73360654296445,
            "count": 50
        },
        "GhostBehaviour.Environment.CumulativeReward.sum": {
            "value": 1477.0999927520752,
            "min": -27.500001072883606,
            "max": 1501.7999937534332,
            "count": 50
        },
        "GhostBehaviour.Policy.ExtrinsicReward.mean": {
            "value": 5.681153818277212,
            "min": -0.28061225584575106,
            "max": 5.73360654296445,
            "count": 50
        },
        "GhostBehaviour.Policy.ExtrinsicReward.sum": {
            "value": 1477.0999927520752,
            "min": -27.500001072883606,
            "max": 1501.7999937534332,
            "count": 50
        },
        "GhostBehaviour.Losses.PolicyLoss.mean": {
            "value": 0.24229330630941964,
            "min": 0.23400623383655764,
            "max": 0.2547751527152319,
            "count": 50
        },
        "GhostBehaviour.Losses.PolicyLoss.sum": {
            "value": 19.86805111737241,
            "min": 17.629309299007733,
            "max": 20.118328535281282,
            "count": 50
        },
        "GhostBehaviour.Losses.ValueLoss.mean": {
            "value": 0.008461318402349802,
            "min": 0.0038541994038500094,
            "max": 0.38032724051052214,
            "count": 50
        },
        "GhostBehaviour.Losses.ValueLoss.sum": {
            "value": 0.6938281089926838,
            "min": 0.30833595230800076,
            "max": 28.52454303828916,
            "count": 50
        },
        "GhostBehaviour.Policy.LearningRate.mean": {
            "value": 3.00149656050976e-06,
            "min": 3.00149656050976e-06,
            "max": 0.0002969768090077306,
            "count": 50
        },
        "GhostBehaviour.Policy.LearningRate.sum": {
            "value": 0.0002461227179618003,
            "min": 0.0002461227179618003,
            "max": 0.022273260675579797,
            "count": 50
        },
        "GhostBehaviour.Policy.Epsilon.mean": {
            "value": 0.10100046585365852,
            "min": 0.10100046585365852,
            "max": 0.19899226933333333,
            "count": 50
        },
        "GhostBehaviour.Policy.Epsilon.sum": {
            "value": 8.282038199999999,
            "min": 8.2404274,
            "max": 15.014959600000001,
            "count": 50
        },
        "GhostBehaviour.Policy.Beta.mean": {
            "value": 0.0005000000000000001,
            "min": 0.0005000000000000001,
            "max": 0.0005000000000000001,
            "count": 50
        },
        "GhostBehaviour.Policy.Beta.sum": {
            "value": 0.04100000000000001,
            "min": 0.037000000000000005,
            "max": 0.04100000000000001,
            "count": 50
        },
        "GhostBehaviour.IsTraining.mean": {
            "value": 1.0,
            "min": 1.0,
            "max": 1.0,
            "count": 50
        },
        "GhostBehaviour.IsTraining.sum": {
            "value": 1.0,
            "min": 1.0,
            "max": 1.0,
            "count": 50
        }
    },
    "metadata": {
        "timer_format_version": "0.1.0",
        "start_time_seconds": "1672869609",
        "python_version": "3.9.15 (main, Nov 24 2022, 14:39:17) [MSC v.1916 64 bit (AMD64)]",
        "command_line_arguments": "C:\\Users\\Besitzer\\anaconda3\\envs\\ML-Agent\\Scripts\\mlagents-learn config/Ghost.yaml --run-id=GhostBehaviour --force",
        "mlagents_version": "0.30.0",
        "mlagents_envs_version": "0.28.0",
        "communication_protocol_version": "1.5.0",
        "pytorch_version": "1.13.1+cpu",
        "numpy_version": "1.21.2",
        "end_time_seconds": "1672872963"
    },
    "total": 3354.0356157,
    "count": 1,
    "self": 0.012608200000158831,
    "children": {
        "run_training.setup": {
            "total": 0.1351448999999998,
            "count": 1,
            "self": 0.1351448999999998
        },
        "TrainerController.start_learning": {
            "total": 3353.8878626,
            "count": 1,
            "self": 4.057892500043636,
            "children": {
                "TrainerController._reset_env": {
                    "total": 10.0237237,
                    "count": 1,
                    "self": 10.0237237
                },
                "TrainerController.advance": {
                    "total": 3339.7509588999565,
                    "count": 132943,
                    "self": 3.705112599827771,
                    "children": {
                        "env_step": {
                            "total": 2240.5525866000357,
                            "count": 132943,
                            "self": 2098.738654900084,
                            "children": {
                                "SubprocessEnvManager._take_step": {
                                    "total": 139.06330879993288,
                                    "count": 132943,
                                    "self": 12.004318599951233,
                                    "children": {
                                        "TorchPolicy.evaluate": {
                                            "total": 127.05899019998165,
                                            "count": 125023,
                                            "self": 127.05899019998165
                                        }
                                    }
                                },
                                "workers": {
                                    "total": 2.7506229000187403,
                                    "count": 132943,
                                    "self": 0.0,
                                    "children": {
                                        "worker_root": {
                                            "total": 3338.4825066999947,
                                            "count": 132943,
                                            "is_parallel": true,
                                            "self": 1443.1573359000101,
                                            "children": {
                                                "steps_from_proto": {
                                                    "total": 0.0005006999999999096,
                                                    "count": 1,