{
    "name": "root",
    "gauges": {
        "GhostBehaviour.Policy.Entropy.mean": {
            "value": 0.27378949522972107,
            "min": 0.27378949522972107,
            "max": 1.8419303894042969,
            "count": 5
        },
        "GhostBehaviour.Policy.Entropy.sum": {
            "value": 2744.4658203125,
            "min": 2744.4658203125,
            "max": 18430.35546875,
            "count": 5
        },
        "GhostBehaviour.Step.mean": {
            "value": 49960.0,
            "min": 9942.0,
            "max": 49960.0,
            "count": 5
        },
        "GhostBehaviour.Step.sum": {
            "value": 49960.0,
            "min": 9942.0,
            "max": 49960.0,
            "count": 5
        },
        "GhostBehaviour.Policy.ExtrinsicValueEstimate.mean": {
            "value": -38.2459602355957,
            "min": -43.46616744995117,
            "max": -18.13483238220215,
            "count": 5
        },
        "GhostBehaviour.Policy.ExtrinsicValueEstimate.sum": {
            "value": -6157.599609375,
            "min": -7345.7822265625,
            "max": -2901.5732421875,
            "count": 5
        },
        "GhostBehaviour.Losses.PolicyLoss.mean": {
            "value": 0.24240080798661764,
            "min": 0.24240080798661764,
            "max": 0.2501824550226814,
            "count": 5
        },
        "GhostBehaviour.Losses.PolicyLoss.sum": {
            "value": 18.907263022956176,
            "min": 18.76126406993983,
            "max": 19.51423149176915,
            "count": 5
        },
        "GhostBehaviour.Losses.ValueLoss.mean": {
            "value": 744.8970094721714,
            "min": 369.731126379665,
            "max": 744.8970094721714,
            "count": 5
        },
        "GhostBehaviour.Losses.ValueLoss.sum": {
            "value": 58101.96673882937,
            "min": 28469.296731234204,
            "max": 58101.96673882937,
            "count": 5
        },
        "GhostBehaviour.Policy.LearningRate.mean": {
            "value": 0.0002729931166946051,
            "min": 0.0002729931166946051,
            "max": 0.00029698998022411943,
            "count": 5
        },
        "GhostBehaviour.Policy.LearningRate.sum": {
            "value": 0.021293463102179198,
            "min": 0.021293463102179198,
            "max": 0.0229901210366264,
            "count": 5
        },
        "GhostBehaviour.Policy.Epsilon.mean": {
            "value": 0.1909977025641026,
            "min": 0.1909977025641026,
            "max": 0.19899665974025973,
            "count": 5
        },
        "GhostBehaviour.Policy.Epsilon.sum": {
            "value": 14.897820800000002,
            "min": 14.897820800000002,
            "max": 15.5633736,
            "count": 5
        },
        "GhostBehaviour.Policy.Beta.mean": {
            "value": 0.0005000000000000001,
            "min": 0.0005000000000000001,
            "max": 0.0005000000000000001,
            "count": 5
        },
        "GhostBehaviour.Policy.Beta.sum": {
            "value": 0.03900000000000001,
            "min": 0.038500000000000006,
            "max": 0.03950000000000001,
            "count": 5
        },
        "GhostBehaviour.Environment.EpisodeLength.mean": {
            "value": 1799.0,
            "min": 397.25,
            "max": 1799.0,
            "count": 5
        },
        "GhostBehaviour.Environment.EpisodeLength.sum": {
            "value": 8995.0,
            "min": 8888.0,
            "max": 10802.0,
            "count": 5
        },
        "GhostBehaviour.Environment.CumulativeReward.mean": {
            "value": -712.8297355651855,
            "min": -712.8297355651855,
            "max": -198.6467568476995,
            "count": 5
        },
        "GhostBehaviour.Environment.CumulativeReward.sum": {
            "value": -3564.1486778259277,
            "min": -4767.522164344788,
            "max": -2311.681703567505,
            "count": 5
        },
        "GhostBehaviour.Policy.ExtrinsicReward.mean": {
            "value": -712.8297355651855,
            "min": -712.8297355651855,
            "max": -198.6467568476995,
            "count": 5
        },
        "GhostBehaviour.Policy.ExtrinsicReward.sum": {
            "value": -3564.1486778259277,
            "min": -4767.522164344788,
            "max": -2311.681703567505,
            "count": 5
        },
        "GhostBehaviour.IsTraining.mean": {
            "value": 1.0,
            "min": 1.0,
            "max": 1.0,
            "count": 5
        },
        "GhostBehaviour.IsTraining.sum": {
            "value": 1.0,
            "min": 1.0,
            "max": 1.0,
            "count": 5
        }
    },
    "metadata": {
        "timer_format_version": "0.1.0",
        "start_time_seconds": "1672165940",
        "python_version": "3.6.13 |Anaconda, Inc.| (default, Mar 16 2021, 11:37:27) [MSC v.1916 64 bit (AMD64)]",
        "command_line_arguments": "C:\\Users\\jonas\\anaconda3\\envs\\mlt-agent\\Scripts\\mlagents-learn config/Ghost.yaml --run-id=GhostBehaviour --force",
        "mlagents_version": "0.28.0",
        "mlagents_envs_version": "0.28.0",
        "communication_protocol_version": "1.5.0",
        "pytorch_version": "1.10.2+cpu",
        "numpy_version": "1.19.5",
        "end_time_seconds": "1672167218"
    },
    "total": 1278.1415772999999,
    "count": 1,
    "self": 0.008120299999973213,
    "children": {
        "run_training.setup": {
            "total": 0.1041318,
            "count": 1,
            "self": 0.1041318
        },
        "TrainerController.start_learning": {
            "total": 1278.0293252,
            "count": 1,
            "self": 2.2752778000249236,
            "children": {
                "TrainerController._reset_env": {
                    "total": 10.0045334,
                    "count": 1,
                    "self": 10.0045334
                },
                "TrainerController.advance": {
                    "total": 1265.630535199975,
                    "count": 54263,
                    "self": 2.2368631999947866,
                    "children": {
                        "env_step": {
                            "total": 1059.3965610999833,
                            "count": 54263,
                            "self": 945.8625274999625,
                            "children": {
                                "SubprocessEnvManager._take_step": {
                                    "total": 112.18037430001334,
                                    "count": 54263,
                                    "self": 5.769650800022788,
                                    "children": {
                                        "TorchPolicy.evaluate": {
                                            "total": 106.41072349999055,
                                            "count": 54211,
                                            "self": 29.84515509998502,
                                            "children": {
                                                "TorchPolicy.sample_actions": {
                                                    "total": 76.56556840000553,
                                                    "count": 54211,
                                                    "self": 76.56556840000553
                                                }
                                            }
                                        }
                                    }
                                },
                                "workers": {
                                    "total": 1.3536593000073562,
                                    "count": 54262,
                                    "self": 0.0,
                                    "children": {
                                        "worker_root": {
                                            "total": 1212.0739442000029,
                                            "count": 54262,