{
    "name": "root",
    "gauges": {
        "GhostBehaviour.Policy.Entropy.mean": {
            "value": 1.1782619953155518,
            "min": 1.1782619953155518,
            "max": 1.431899070739746,
            "count": 15
        },
        "GhostBehaviour.Policy.Entropy.sum": {
            "value": 11783.7978515625,
            "min": 11783.7978515625,
            "max": 14333.3095703125,
            "count": 15
        },
        "GhostBehaviour.Step.mean": {
            "value": 149966.0,
            "min": 9978.0,
            "max": 149966.0,
            "count": 15
        },
        "GhostBehaviour.Step.sum": {
            "value": 149966.0,
            "min": 9978.0,
            "max": 149966.0,
            "count": 15
        },
        "GhostBehaviour.Policy.ExtrinsicValueEstimate.mean": {
            "value": 0.001924782758578658,
            "min": -0.6073518991470337,
            "max": 0.5738580226898193,
            "count": 15
        },
        "GhostBehaviour.Policy.ExtrinsicValueEstimate.sum": {
            "value": 0.302190899848938,
            "min": -182.81292724609375,
            "max": 163.54953002929688,
            "count": 15
        },
        "GhostBehaviour.Losses.PolicyLoss.mean": {
            "value": 0.24099203110304793,
            "min": 0.23891918341932403,
            "max": 0.25079307066004936,
            "count": 15
        },
        "GhostBehaviour.Losses.PolicyLoss.sum": {
            "value": 18.79737842603774,
            "min": 18.79737842603774,
            "max": 19.812652582143897,
            "count": 15
        },
        "GhostBehaviour.Losses.ValueLoss.mean": {
            "value": 2.1898639463485234e-06,
            "min": 2.1898639463485234e-06,
            "max": 3.4258132911474957,
            "count": 15
        },
        "GhostBehaviour.Losses.ValueLoss.sum": {
            "value": 0.00017080938781518482,
            "min": 0.00017080938781518482,
            "max": 270.63925000065217,
            "count": 15
        },
        "GhostBehaviour.Policy.LearningRate.mean": {
            "value": 0.00021300017515379744,
            "min": 0.00021300017515379744,
            "max": 0.00029696837793361793,
            "count": 15
        },
        "GhostBehaviour.Policy.LearningRate.sum": {
            "value": 0.0166140136619962,
            "min": 0.0166140136619962,
            "max": 0.0232781894406036,
            "count": 15
        },
        "GhostBehaviour.Policy.Epsilon.mean": {
            "value": 0.17100004871794872,
            "min": 0.17100004871794872,
            "max": 0.19898945897435896,
            "count": 15
        },
        "GhostBehaviour.Policy.Epsilon.sum": {
            "value": 13.3380038,
            "min": 13.3380038,
            "max": 15.7593964,
            "count": 15
        },
        "GhostBehaviour.Policy.Beta.mean": {
            "value": 0.0005000000000000001,
            "min": 0.0005000000000000001,
            "max": 0.0005000000000000001,
            "count": 15
        },
        "GhostBehaviour.Policy.Beta.sum": {
            "value": 0.03900000000000001,
            "min": 0.038500000000000006,
            "max": 0.04000000000000001,
            "count": 15
        },
        "GhostBehaviour.Environment.EpisodeLength.mean": {
            "value": 8999.5,
            "min": 44.83510638297872,
            "max": 9000.0,
            "count": 15
        },
        "GhostBehaviour.Environment.EpisodeLength.sum": {
            "value": 17999.0,
            "min": 3798.0,
            "max": 17999.0,
            "count": 15
        },
        "GhostBehaviour.Environment.CumulativeReward.mean": {
            "value": 0.0,
            "min": -2.719999998062849,
            "max": 0.0,
            "count": 15
        },
        "GhostBehaviour.Environment.CumulativeReward.sum": {
            "value": 0.0,
            "min": -187.89999999850988,
            "max": 0.0,
            "count": 15
        },
        "GhostBehaviour.Policy.ExtrinsicReward.mean": {
            "value": 0.0,
            "min": -2.719999998062849,
            "max": 0.0,
            "count": 15
        },
        "GhostBehaviour.Policy.ExtrinsicReward.sum": {
            "value": 0.0,
            "min": -187.89999999850988,
            "max": 0.0,
            "count": 15
        },
        "GhostBehaviour.IsTraining.mean": {
            "value": 1.0,
            "min": 1.0,
            "max": 1.0,
            "count": 15
        },
        "GhostBehaviour.IsTraining.sum": {
            "value": 1.0,
            "min": 1.0,
            "max": 1.0,
            "count": 15
        }
    },
    "metadata": {
        "timer_format_version": "0.1.0",
        "start_time_seconds": "1672265107",
        "python_version": "3.9.15 (main, Nov 24 2022, 14:39:17) [MSC v.1916 64 bit (AMD64)]",
        "command_line_arguments": "C:\\Users\\Besitzer\\anaconda3\\envs\\ML-Agent\\Scripts\\mlagents-learn config/Ghost.yaml --run-id=GhostBehaviour --force",
        "mlagents_version": "0.30.0",
        "mlagents_envs_version": "0.28.0",
        "communication_protocol_version": "1.5.0",
        "pytorch_version": "1.13.1+cpu",
        "numpy_version": "1.21.2",
        "end_time_seconds": "1672267988"
    },
    "total": 2881.0189100000002,
    "count": 1,
    "self": 0.0091312000004109,
    "children": {
        "run_training.setup": {
            "total": 0.1330176999999999,
            "count": 1,
            "self": 0.1330176999999999
        },
        "TrainerController.start_learning": {
            "total": 2880.8767611,
            "count": 1,
            "self": 4.092791399982616,
            "children": {
                "TrainerController._reset_env": {
                    "total": 5.995227100000001,
                    "count": 1,
                    "self": 5.995227100000001
                },
                "TrainerController.advance": {
                    "total": 2870.602012400017,
                    "count": 156420,
                    "self": 3.5146561999263213,
                    "children": {
                        "env_step": {
                            "total": 2516.888981600041,
                            "count": 156420,
                            "self": 2369.0604169000608,
                            "children": {
                                "SubprocessEnvManager._take_step": {
                                    "total": 145.05988389999547,
                                    "count": 156420,
                                    "self": 12.216818399976518,
                                    "children": {
                                        "TorchPolicy.evaluate": {
                                            "total": 132.84306550001895,
                                            "count": 155771,
                                            "self": 132.84306550001895
                                        }
                                    }
                                },
                                "workers": {
                                    "total": 2.7686807999848995,
                                    "count": 156419,
                                    "self": 0.0,
                                    "children": {
                                        "worker_root": {
                                            "total": 2803.637447399961,
                                            "count": 156419,
                                            "is_parallel": true,
                                            "self": 689.3658656999473,
                                            "children": {
                                                "steps_from_proto": {
                                                    "total": 0.0004143000000000896,
                                                    "count": 1,
                                                    "is_parallel": true,