{"count":1,"self":91.6171392,"total":316.793232,"children":{"InitializeActuators":{"count":4,"self":0.0020017999999999998,"total":0.0020017999999999998,"children":null},"InitializeSensors":{"count":4,"self":0.0050041999999999994,"total":0.0050041999999999994,"children":null},"AgentSendState":{"count":86817,"self":3.6509639999999997,"total":5.6610657999999994,"children":{"CollectObservations":{"count":69456,"self":0.150925,"total":0.150925,"children":null},"WriteActionMask":{"count":69456,"self":0.0626147,"total":0.0626147,"children":null},"RequestDecision":{"count":69456,"self":0.280549,"total":1.7965620999999998,"children":{"AgentInfo.ToProto":{"count":69456,"self":0.3017349,"total":1.5160131,"children":{"GenerateSensorData":{"count":69456,"self":1.0330443999999999,"total":1.2142781999999999,"children":{"RayPerceptionSensor.Perceive":{"count":69456,"self":0.1812338,"total":0.1812338,"children":null}}}}}}}}},"DecideAction":{"count":86817,"self":218.94871039999998,"total":218.94871239999998,"children":null},"AgentAct":{"count":86817,"self":0.5283333,"total":0.5423328,"children":{"AgentInfo.ToProto":{"count":466,"self":0.0020036,"total":0.0139995,"children":{"GenerateSensorData":{"count":466,"self":0.0070015999999999993,"total":0.0119959,"children":{"RayPerceptionSensor.Perceive":{"count":466,"self":0.0049943,"total":0.0049943,"children":null}}}}}}},"AgentInfo.ToProto":{"count":495,"self":0.0040054,"total":0.015975,"children":{"GenerateSensorData":{"count":495,"self":0.0099698,"total":0.011969599999999999,"children":{"RayPerceptionSensor.Perceive":{"count":495,"self":0.0019998,"total":0.0019998,"children":null}}}}}},"gauges":{"GhostBehaviour.CumulativeReward":{"count":961,"max":6.60000038,"min":-10.7999954,"runningAverage":0.8075965,"value":-1,"weightedAverage":1.88130474}},"metadata":{"timer_format_version":"0.1.0","start_time_seconds":"1672959396","unity_version":"2021.3.10f1","command_line_arguments":"C:\\Program Files\\Unity\\Hub\\Editor\\2021.3.10f1\\Editor\\Unity.exe -projectpath C:\\Users\\Besitzer\\Desktop\\bots\\AI2 -useHub -hubIPC -cloudEnvironment production -licensingIpc LicenseClient-Besitzer -hubSessionId 06ee50e0-8c4f-11ed-81b3-c1432a38ee6a","communication_protocol_version":"1.5.0","com.unity.ml-agents_version":"2.0.1","scene_name":"taskScene","end_time_seconds":"1672959712"}}